{"stats":{"minecraft:dropped":{"zombie_extreme:exo_suit_chestplate":1,"cgm:advanced_bullet":320,"cgm:basic_bullet":128,"zombie_extreme:exo_suit_helmet":1,"cgm:missile":64,"zombie_extreme:exo_suit_leggings":1,"zombie_extreme:exo_suit_boots":1,"cgm:shell":128,"minecraft:splash_potion":3},"minecraft:custom":{"minecraft:time_since_rest":3446,"minecraft:sprint_one_cm":17345,"minecraft:damage_taken":824,"minecraft:walk_one_cm":28292,"minecraft:mob_kills":32,"minecraft:drop":17,"minecraft:damage_dealt":528,"minecraft:fly_one_cm":126697,"minecraft:crouch_one_cm":1381,"minecraft:play_time":17790,"tombstone:undead_killed":14,"minecraft:deaths":2,"minecraft:sneak_time":1042,"minecraft:walk_under_water_one_cm":1808,"minecraft:jump":108,"minecraft:time_since_death":3599,"minecraft:leave_game":1,"minecraft:walk_on_water_one_cm":6223,"minecraft:total_world_time":17790,"minecraft:damage_resisted":1208,"minecraft:fall_one_cm":4149},"minecraft:used":{"projectarsenal:vector":13,"zombie_extreme:deepslate_tin":1,"minecraft:grass_block":13,"cgm:grenade":5,"zombie_extreme:steel_sledgehammer":3,"cgm:stun_grenade":1,"minecraft:zombie_spawn_egg":12,"projectarsenal:golden_hawk":17,"minecraft:golden_apple":4,"minecraft:torch":7,"minecraft:diamond_sword":2,"zombie_extreme:machete":1,"projectarsenal:m249":85,"toughasnails:purified_water_canteen":1,"cgm:mini_gun":200,"minecraft:splash_potion":2},"minecraft:picked_up":{"minecraft:splash_potion":3,"cgm:basic_bullet":128,"minecraft:glow_ink_sac":5,"cgm:missile":64,"zombie_extreme:exo_suit_boots":1,"minecraft:gunpowder":2,"minecraft:brick":1,"minecraft:redstone":3,"zombie_extreme:exo_suit_leggings":1,"zombie_extreme:exo_suit_chestplate":1,"cgm:shell":128,"minecraft:rotten_flesh":2,"zombie_extreme:rotten_apple":2,"zombie_extreme:exo_suit_helmet":1,"minecraft:obsidian":2,"cgm:advanced_bullet":320},"minecraft:killed":{"demogorgon:demogorgon":1,"minecraft:skeleton":3,"rottencreatures:undead_miner":1,"minecraft:zombie":5,"zombie_extreme:infected_military":1,"zombie_extreme:infected":3,"zombie_extreme:night_hunter":1,"zombie_extreme:infected_hazmat":4,"rottencreatures:burned":1,"zombie_extreme:infected_police":1,"undead_revamp2:the_moonflower":1,"zombie_extreme:assasin_black_ops":1,"zombie_extreme:fetus":1,"zombie_extreme:bomber":1,"zombie_extreme:runner":2,"undead_revamp2:bomber":1,"undead_revamp2:sucker":1,"minecraft:creeper":3},"minecraft:killed_by":{"zombie_extreme:chainsaw":1},"minecraft:mined":{"minecraft:grass":4}},"DataVersion":3120}