{"stats":{"minecraft:used":{"graveyard:wraith_spawn_egg":1,"minecraft:writable_book":2,"minecraft:soul_sand":1,"graveyard:creeper_skeleton":1,"graveyard:corrupted_vindicator_spawn_egg":1,"bunker_down:brittle_pickaxe":1,"additionalguns:mac10":62,"graveyard:corrupted_pillager_spawn_egg":1},"minecraft:killed":{"minecraft:iron_golem":1,"minecraft:cow":1},"minecraft:custom":{"minecraft:open_barrel":3,"minecraft:time_since_rest":5572,"minecraft:open_chest":1,"minecraft:crouch_one_cm":468,"minecraft:play_time":5572,"minecraft:sprint_one_cm":3510,"minecraft:damage_taken":240,"minecraft:walk_one_cm":13191,"minecraft:sneak_time":352,"minecraft:walk_under_water_one_cm":2947,"minecraft:mob_kills":2,"minecraft:damage_dealt_resisted":1551,"minecraft:jump":42,"minecraft:damage_dealt":109,"minecraft:time_since_death":5572,"minecraft:walk_on_water_one_cm":1479,"minecraft:total_world_time":5572,"minecraft:interact_with_smoker":1,"minecraft:climb_one_cm":1001,"minecraft:talked_to_villager":1,"minecraft:swim_one_cm":5262,"minecraft:fall_one_cm":627,"minecraft:fly_one_cm":11372},"minecraft:picked_up":{"minecraft:wheat_seeds":1,"minecraft:lever":1,"minecraft:beef":3,"minecraft:soul_sand":1,"minecraft:string":1,"minecraft:cobblestone":1},"minecraft:mined":{"minecraft:grass":4,"minecraft:soul_sand":1,"minecraft:tall_grass":6,"minecraft:cobblestone":1}},"DataVersion":3120}